constituency,district,votes_polled,winner_candidate,winner_party,winner_votes,winner_votes_diff_from_runner,runner_candidate,runner_party,runner_votes,runner_votes_diff_from_winner,second_runner,second_runner_party,second_runner_votes,second_runner_diff_from_winner,third_runner,third_runner_party,third_runner_votes,third_runner_diff_from_winner
Alandur,,261570,M.HARISH,TVK,112205,29609,T.M.ANBARASAN,DMK,82596,-29609,S.SARAVANAN,ADMK,52243,-59962,Y.G.MAHALAKSHMI,NTK,10405,-101800
Alangudi,,180483,SIVA.V.MEYYANATHAN,DMK,64929,12977,KANDASAMY,TVK,51952,-12977,DHANA VIMAL,ADMK,50063,-14866,R.RAJARAM,NTK,10652,-54277
Alangulam,,220857,PAUL MANOJ PANDIAN,DMK,69170,7798,K R P PRABAKARAN,ADMK,61372,-7798,VIBIN CHAKKARAVARTHY,TVK,60684,-8486,R PAULRAJ,NTK,23380,-45790
Ambasamudram,,191195,DR.ESAKKI SUBAYA,ADMK,65589,10245,V.P.DURAI,INC,55344,-10245,S.RAJAGOPAL,TVK,53611,-11978,DR.V.SIVASANKARAN,NTK,14906,-50683
Ambattur,,259986,BALAMURUGAN.G,TVK,133339,58781,DR A.P. POORNIMA,DMK,74558,-58781,K.N. SEKAR,PMK,35997,-97342,SILAMBARASAN,NTK,11088,-122251
Ambur,,195584,VILWANATHAN. A.C.,DMK,74102,7131,IMTHIYAZ PANDARATTUDU ABDU,TVK,66971,-7131,VENKATESAN. R,ADMK,47100,-27002,AFSHIA NASRIN. S,NTK,4185,-69917
Anaicut,,216318,D.VELAZHAGAN,ADMK,76302,7081,A.P.NANDAKUMAR,DMK,69221,-7081,R.VELMURUGAN,TVK,63287,-13015,M.RAVIKUMAR,NTK,4746,-71556
Andhiyur,,185775,HARIBASKAR.P,ADMK,60042,1260,SIVABALAN.M,DMK,58782,-1260,VIJAY VENKATESH.M,TVK,56372,-3670,AALANGATTUR ANANDHI,NTK,5287,-54755
Andipatti,,217329,MAHARAJAN.A,DMK,74324,9554,PANDI.V,TVK,64770,-9554,LOGIRAJAN.A,ADMK,63343,-10981,GOMATHI .M,NTK,10346,-63978
Anna Nagar,,163339,V.K.RAMKUMAR,TVK,71375,21363,N.CHITRARASU,DMK,50012,-21363,S.GOKULA INDIRA,ADMK,34382,-36993,S.SHANKAR,NTK,4839,-66536
Arakkonam,,182340,V. GANDHIRAJ,TVK,73776,23121,EZHIL CAROLINE,VCK,50655,-23121,S. RAVI,ADMK,50052,-23724,K. RAJKUMAR,NTK,5191,-68585
Arani,,230162,JAYASUDHA. L,ADMK,76735,5631,MAHALAKSHMI GOVARTHANAN,DMK,71104,-5631,VENKATESH KUMAR. D,TVK,70857,-5878,DHAVAMANI. R,NTK,6888,-69847
Aranthangi,,182730,MOHAMED FARVAS. J,TVK,73244,10062,RAMACHANDRAN . T,INC,63182,-10062,KAVITHA SRIKANTH,BJP,31456,-41788,MUTHULAKSHMI. S,NTK,9975,-63269
Aravakurichi,,181078,ELANGO. R,DMK,70827,19382,KARTHIKEYAN. P,TVK,51445,-19382,SELVAKUMAR. K,ADMK,49289,-21538,NAREN. S,NTK,5154,-65673
Arcot,,225786,S.M.SUKUMAR,ADMK,105608,42720,G.VIJAY MOHAN,TVK,62888,-42720,J.L.ESWARAPPAN,DMK,48840,-56768,ARCHANA NARASIMMAN,NTK,5518,-100090
Ariyalur,,235858,RAJENDRAN S,ADMK,95219,24498,LATHA BALU,DMK,70721,-24498,SIVAKUMAR M,TVK,57359,-37860,PUGAZHENDHI D,NTK,8527,-86692
Aruppukkottai,,178413,RAMACHANDRAN. K.K.S.S.R,DMK,65104,4943,KARTHIK KUMAR. K,TVK,60161,-4943,SETHUPATHY. S,ADMK,37190,-27914,MANIMARAN. G,NTK,8499,-56605
Athoor,,237183,I. PERIASAMY,DMK,106240,22368,N. KALAISELVI,TVK,83872,-22368,A. VISWANATHAN,ADMK,32477,-73763,DR. A. SIMON JUSTIN,NTK,9946,-96294
Attur,,208296,JAYASANKARAN. A.P.,ADMK,80843,15318,SELVABHARATHI. R.,TVK,65525,-15318,ARTHANARI. S.K.,INC,51896,-28947,MONISHA CHINNADURAI.,NTK,6532,-74311
Avadi,,346005,R.RAMESH KUMAR,TVK,180384,76311,S.M.NASAR,DMK,104073,-76311,RAJASIMHA MAHENDRA,BJP,39605,-140779,PUNITHA SHANMUGAM,NTK,16335,-164049
Avanashi,,231600,KAMALI.S,TVK,84209,15373,DR. L. MURUGAN,BJP,68836,-15373,DR. GOKILAMANI.V,DMK,65530,-18679,MENAKA. V,NTK,7704,-76505
Bargur,,213960,E.C. GOVINDARASAN,ADMK,71240,4241,E. MURALIDHARAN,TVK,66999,-4241,D. MATHIAZHAGAN,DMK,65228,-6012,KAVINKUMAR. S,NTK,5462,-65778
Bhavani,,208323,KARUPPANAN. K.C,ADMK,75577,7396,BALAKRISHNAN,TVK,68181,-7396,CHANDRASEKAR. K.A,DMK,54087,-21490,MOHANADEVI. R,NTK,6195,-69382
Bhavanisagar,,214595,V.P.TAMILSELVI,TVK,72391,4569,A.BANNARI,ADMK,67822,-4569,P.L.SUNDARAM,CPI,63107,-9284,S.SOUNDARYA,NTK,5832,-66559
Bhuvanagiri,,207310,ARUNMOZHITHEVAN . A,ADMK,75707,2487,SARAVANAN. DURAI . K,DMK,73220,-2487,MAHALINGAM . T,TVK,49904,-25803,SUMATHI . S,NTK,5105,-70602
Bodinayakkanur,,220628,PANNEERSELVAM.O,DMK,85206,6805,PRAKASH.S,TVK,78401,-6805,NARAYANASAMY V.T.,ADMK,41286,-43920,KALAIARASU.S,NTK,11455,-73751
Chengalpattu,,324010,S. THIYAGARAJAN,TVK,137136,35641,KARTHIKDHANDAPANI,DMK,101495,-35641,M.GAJENDRAN,ADMK,69763,-67373,AMUTHA.N,NTK,12032,-125104
Chengam,,242897,S.VELU,ADMK,87802,13278,K BHARATHIDHASAN,TVK,74524,-13278,M.P.GIRI,DMK,70346,-17456,J.SHOBA,NTK,6335,-81467
Chepauk,,140741,UDHAYANIDHI STALIN,DMK,62992,7140,SELVAM. D,TVK,55852,-7140,AADIRAJARAM,ADMK,16507,-46485,AYSHA,NTK,2971,-60021
Cheyyar,,222570,MUKKUR N. SUBRAMANIAN,ADMK,86680,21081,DUSI K MOHAN,TVK,65599,-21081,JOTHI. O,DMK,59894,-26786,TAMILSELVAN. M,NTK,7043,-79637
Cheyyur,,187584,RAJASEKAR. E,ADMK,63809,5668,MOHAN RAJA.M.G.K,TVK,58141,-5668,SINTHANAI SELVAN,VCK,57909,-5900,SWATHILAKSHMI SEKAR,NTK,4853,-58956
Chidambaram,,196586,THAMIMUN ANSARI. M,DMK,69739,5747,PANDIAN. K.A,ADMK,63992,-5747,NEDUNCHEZHIYAN,TVK,54584,-15155,THAMIZH,NTK,6169,-63570
Coimbatore North,,226109,V. SAMPATHKUMAR,TVK,92500,21992,DURAI. SENTHAMIL SELVAN B.E,DMK,70508,-21992,VANATHI SRINIVASAN,BJP,49722,-42778,NARMADHA. G.,NTK,9036,-83464
Coimbatore South,,156499,V SENTHILBALAJI,DMK,59724,2271,V. SENTHILKUMAR,TVK,57453,-2271,AMMAN K.ARJUNAN,ADMK,31689,-28035,PERARIVALAN. V,NTK,5062,-54662
Coonoor,,141394,M. RAJU,DMK,50470,8099,A. RAMU,ADMK,42371,-8099,C. THANGARAJU,TVK,42225,-8245,K. DEENU,NTK,4695,-45775
Cuddalore,,190378,B.RAJKUMAR,TVK,70856,15519,A.S.CHANDARASEKARAN,INC,55337,-15519,M.C.SAMPATH,ADMK,55258,-15598,S.SARASU,NTK,5766,-65090
Cumbum,,210574,JEGANATHMISHRA PLA,TVK,85394,751,ERAMAKRISHNAN N,DMK,84643,-751,JAKKAIYAN S.T.K.,ADMK,27307,-58087,ANBUSELVI A,NTK,9599,-75795
Dharapuram,,199944,SATHYABAMA.P,ADMK,81100,16727,INDIRANI.T,DMK,64373,-16727,GOWRI CHITRA,TVK,46438,-34662,DHIVYA,NTK,6026,-75074
Dharmapuri,,238579,SOWMIYA ANBUMANI,PMK,93713,20896,SIVAN. M.,TVK,72817,-20896,DR. ELANGOVAN. V.,DMDK,56905,-36808,SHANTHALAKSHMI. K.,NTK,6758,-86955
Dindigul,,212024,SENTHILKUMAR. I.P,DMK,74489,1131,NAZEER RAJA. G,TVK,73358,-1131,SREENIVASAN. C,ADMK,53986,-20503,MUTHARASI. S,NTK,7299,-67190
Dr. Radhakrishnan Nagar,,181206,N. MARIE WILSON,TVK,97800,49668,J. JOHN EBENEZER,DMK,48132,-49668,R.S.RAAJESH,ADMK,26892,-70908,VENNILA.T,NTK,5364,-92436
Edappadi,,258263,EDAPPADI PALANISWAMI. K,ADMK,148933,98110,PREMKUMAR. K,IND,50823,-98110,KASI. C,DMK,44011,-104922,PRIYADHARSHINI. A,NTK,8450,-140483
Egmore,,119738,RAJMOHAN,TVK,53901,10804,TAMILAN PRASANNA,DMK,43097,-10804,ABISHEK. R,ADMK,18191,-35710,SARANYA IMRAN,NTK,2522,-51379
Erode East,,162453,M.VIJAY BALAJI,TVK,69747,23966,GOPINATH PALANIYAPPAN,INC,45781,-23966,R.MANOHARAN,ADMK,38183,-31564,S.THANDAVAMOORTHY,NTK,4987,-64760
Erode West,,221400,ANANTH MOGHAN K.K.,TVK,96836,22250,S. MUTHUSAMY,DMK,74586,-22250,M. YUVARAJA,BJP,38185,-58651,N. VIJAY,NTK,8124,-88712
Gandharvakottai,,167618,N. SUBRAMANIAN,TVK,58795,11039,C. UTHAYAKUMAR,BJP,47756,-11039,M. CHINNADURAI,CPM,46734,-12061,NATHIYA,NTK,10189,-48606
Gangavalli,,196679,NALLATHAMBI. A,ADMK,73167,14404,CHINNADURAI. K,DMK,58763,-14404,SUJATHA. V,TVK,55291,-17876,ABIRAMI. A,NTK,6242,-66925
Gingee,,216652,GANESHKUMAR A,PMK,78201,12645,GINGEE MASTHAN K S,DMK,65556,-12645,CHANDRASEKARAN B,TVK,61609,-16592,ADVOCATE KRISHNAN E,NTK,6371,-71830
Gobichettipalayam,,219727,SENGOTTAIYAN.K.A,TVK,82612,16620,NALLASIVAM.N,DMK,65992,-16620,PRABHU.V.B,ADMK,56232,-26380,SEETHALAKSHMI.M.K,NTK,8137,-74475
Gudalur,,151241,DHRAVIDAMANI.M,DMK,65590,22833,PON.JAYASEELAN,ADMK,42757,-22833,DEEPAK SAI KISHORE.A,TVK,34962,-30628,KARTHIK.R,NTK,6199,-59391
Gudiyattam,,229076,K.SINDU,TVK,82858,10097,K.B.PRADAP,DMDK,72761,-10097,PARITHA PURUSHOTHAMAN.G,ADMK,64122,-18736,J.EMALAN,NTK,5802,-77056
Gummidipoondi,,232522,S.VIJAYAKUMAR,TVK,94320,27945,SUDHAKAR.V,ADMK,66375,-27945,T.J.GOVINDARAJAN,DMK,62492,-31828,"R.SRIDAR. B.L.,",NTK,4756,-89564
Harbour,,99622,P K SEKARBABU,DMK,45254,11750,SINORA P S ASHOK,TVK,33504,-11750,R MANOHAR,ADMK,17256,-27998,R FOUZAN SHARIFF,NTK,1607,-43647
Harur,,220042,SAMPATHKUMAR. V,ADMK,75523,3329,SHANMUGAM. A,DMK,72194,-3329,RAKESH. K,TVK,62756,-12767,ANITHA. A,NTK,5245,-70278
Hosur,,277770,BALAKRISHNAREDDY. P,ADMK,109867,27803,VENDARKARASAN.S,TVK,82064,-27803,SATHYA.S.A.,DMK,73773,-36094,STALIN.R,NTK,7632,-102235
Jayankondam,,228548,VAITHILINGAM G.,PMK,88992,18490,KANNAN KA.SO.KA.,DMK,70502,-18490,KAVITHA RAJENDRAN G.,TVK,55538,-33454,REVATHI K.,NTK,6192,-82800
Jolarpet,,213042,VEERAMANI K.C.,ADMK,78633,16083,MUNISAMY C,TVK,62550,-16083,KAVITHADHANDAPANI,DMK,61977,-16656,SASIREKHA K,NTK,5974,-72659
Kadayanallur,,221951,RAJENDRAN. T. M,DMK,79832,6253,C. KRISHNAMURALI,ADMK,73579,-6253,ABDUL JALEEL. R. K,TVK,49254,-30578,ABUBACKER SIDDHEEQ,NTK,10965,-68867
Kalasapakkam,,214127,AGRI KRISHNAMURTHY. S S,ADMK,89629,26740,SARAVANAN. P.S.T,DMK,62889,-26740,ELUMALAI. P,TVK,51666,-37963,SEETHA SIVANANDAM. P,NTK,5312,-84317
Kallakurichi,,249626,ARUL VIGNESH C,TVK,81132,798,RAJEEVGANDHI S,ADMK,80334,-798,MALATHI K,VCK,77666,-3466,NAGAMMAL RAJKODI,NTK,7494,-73638
Kancheepuram,,246317,R.V. RANJITHKUMAR,TVK,91350,15488,V. SOMASUNDARAM,ADMK,75862,-15488,NITHYA SUGUMAR,DMK,69344,-22006,VETRISELVI,NTK,6950,-84400
Kangayam,,203534,NSN NATARAJ,ADMK,71122,8133,MANI GOUNDER,TVK,62989,-8133,M.P.SAMINATHAN,DMK,59230,-11892,KARMEGAN.M,NTK,7068,-64054
Kanniyakumari,,239150,THALAVAI SUNDARAM. N,ADMK,75045,214,MAHESH.R,DMK,74831,-214,MADHAVAN.S.R,TVK,72977,-2068,MARIA JENNIFER,NTK,13689,-61356
Karaikudi,,229267,DR.PRABHU. TK,TVK,101358,46074,MANGUDI. S,INC,55284,-46074,DHERPOKI V.PANDI,AMMK,33352,-68006,SEEMAN,NTK,30793,-70565
Karur,,216829,M.R. VIJAYABHASKAR,ADMK,71542,1821,MATHIYALAGAN V.P,TVK,69721,-1821,AASEE.M. THIAGARAJAN,DMK,67256,-4286,KARUPPAIYA. R,NTK,5465,-66077
Katpadi,,203497,DR M SUDHAKAR,TVK,69868,5870,V. RAMU,ADMK,63998,-5870,DURAIMURUGAN,DMK,62225,-7643,S. THIRUKKUMARAN,NTK,4625,-65243
Kattumannarkoil,,187905,L.E. JOTHIMANI,VCK,85179,33063,A. SOZHAN,PMK,52116,-33063,S. SEENUVASAN,TVK,43156,-42023,SIVAJOTHI .M,NTK,4563,-80616
Kavundampalayam,,363991,KANIMOZHI SANTHOSH,TVK,146466,42140,ARUNKUMAR PRG,ADMK,104326,-42140,SURYA PRAKASH K.P,INC,90726,-55740,KALAMANI JAGANATHAN,NTK,16834,-129632
Killiyoor,,177534,RAJESH KUMAR. S,INC,66434,1311,SABIN. S,TVK,65123,-1311,NIVIN SIMON. J,BJP,31070,-35364,HIMLAR,NTK,12764,-53670
Kilpennathur,,219790,RAMACHANDRAN.S,ADMK,90503,30465,PITCHANDI.K,DMK,60038,-30465,RAJA.D,TVK,59130,-31373,LOGANATHAN.V,NTK,6184,-84319
Kilvaithinankuppam,,189892,THENRAL KUMAR. E,TVK,74305,20255,JEGAN MOORTHY. M,ADMK,54050,-20255,DR. RAJESWARI. R,DMK,53898,-20407,KALAIYENTHIRI. R,NTK,5183,-69122
Kilvelur,,151637,LATHA. T,CPM,56108,2278,SENTHIL PANDIAN. P,TVK,53830,-2278,VADIVEL RAVANAN. S,PMK,31675,-24433,KARTHIKA. M,NTK,8069,-48039
Kinathukkadavu,,267917,VIGNESH K,TVK,99950,11710,SABARI KARTHIKEYAN K.V.K.S,DMK,88240,-11710,DAMODARAN S,ADMK,67789,-32161,BANUPRIYA M,NTK,9667,-90283
Kolathur,,184051,V. S. BABU,TVK,82997,8795,M. K. STALIN,DMK,74202,-8795,P. SANTHANA KRISHNAN,ADMK,18430,-64567,SOUNDARA PANDIAN LUDER SETH,NTK,5046,-77951
Kollachal,,199013,THARAHAI CUTHBERT,INC,66207,2833,PREM ALEX LAWRENCE,TVK,63374,-2833,SIVAKUMAR. T,BJP,54384,-11823,ANCY SHOBA RANI. L,NTK,12458,-53749
Kovilpatti,,194232,KARUNANITHI.K,DMK,61643,843,BALASUBRAMANIAN.S,TVK,60800,-843,KADAMBUR RAJU.C,ADMK,53014,-8629,PANDI.P,NTK,11919,-49724
Krishnagiri,,230181,MUKUNDHAN.P,TVK,89374,18844,ASHOKKUMAR.K,ADMK,70530,-18844,CHELLAKUMAR.A,INC,59597,-29777,SUGANTHI,NTK,6398,-82976
Krishnarajapuram,,189357,SATHYA. M,TVK,62378,3503,DR. DHIVYA. S,ADMK,58875,-3503,RAJA. C.K,DMK,57292,-5086,SATHIYA. V,NTK,6102,-56276
Kulithalai,,209091,SURIYANUR. A. CHANDRAN,DMK,68138,579,G.BALASUBRAMANI,TVK,67559,-579,S.KARUNAKARAN,ADMK,60317,-7821,SELVA.NANMAARAN,NTK,7978,-60160
Kumarapalayam,,205324,C.VIJAYALAKSHMI,TVK,81179,7696,P.THANGAMANI,ADMK,73483,-7696,S.BALU,DMK,39993,-41186,UVARANI SURESH,NTK,7663,-73516
Kumbakonam,,208288,VINOTH,TVK,78650,679,ANBALAGAN G,DMK,77971,-679,ASHOKKUMAR R,BJP,40103,-38547,ANANDH M,NTK,7710,-70940
Kunnam,,230570,SIVASANKAR. S.S,DMK,87237,15557,SARANYA. A,ADMK,71680,-15557,REVATHI MUTHAMILSELVAN,TVK,59170,-28067,KEERTHIVASAN. R,NTK,7482,-79755
Kurinjipadi,,213965,M.R.K.PANNEERSELVAM,DMK,76695,7589,A BHUVANENTHIRAN,ADMK,69106,-7589,RAJKUMAR D,TVK,53110,-23585,T KANNAN,TVVK,7113,-69582
Lalgudi,,185213,LEEMAROSE MARTIN,ADMK,60795,2739,KU PA KRISHNAN,TVK,58056,-2739,T. PARIVALLAL,DMK,55565,-5230,N. MADHAN,NTK,6992,-53803
Madathukulam,,188249,R JAYARAMAKRISHNAN,DMK,70458,15968,C SHANMUGAVELU,AMMK,54490,-15968,R THIRUMALAI,TVK,52684,-17774,M RADHAMANI,NTK,6578,-63880
Madavaram,,361998,M.L.VIJAYPRABHU,TVK,190462,94985,S.SUDHARSANAM,DMK,95477,-94985,MADHAVARAM V.MOORTHY,ADMK,59290,-131172,E.KRITHIKA,NTK,12637,-177825
Madurai Central,,148586,MADHAR BADHURUDEEN,TVK,63414,19128,PALANIVEL THIAGA RAJAN,DMK,44286,-19128,SUNDAR C,ADMK,33538,-29876,ABDUL HAKEEM K,NTK,5549,-57865
Madurai East,,271566,KARTHIKEYAN S,TVK,118777,16547,MOORTHY P,DMK,102230,-16547,MAHENDRAN K,ADMK,31016,-87761,SELVAM K,NTK,13629,-105148
Madurai North,,161801,A.KALLANAI,TVK,72853,18038,G.THALAPATHI,DMK,54815,-18038,P.SARAVANAN,ADMK,24982,-47871,V THIRUNAVUKKARASU,NTK,7415,-65438
Madurai South,,141503,M.M.GOPISON,TVK,62415,21529,M.BOOMINATHAN,DMK,40886,-21529,RAAMA SREENIVASAN,BJP,31100,-31315,B.M.SUMATHY,NTK,5863,-56552
Madurai West,,216403,THANGAPANDI SR,TVK,88250,11931,BALAJI R,DMK,76319,-11931,SELLUR K RAJU,ADMK,38961,-49289,VIGNESHKUMAR S,NTK,10574,-77676
Maduranthakam,,198251,MARAGATHAM KUMARAVEL.K,ADMK,69284,7194,EZHIL KATHARINE EZHILMALAI,TVK,62090,-7194,S.AMULU PONMALAR,DMK,59838,-9446,G.JANAKIRAMAN,NTK,4950,-64334
Maduravoyal,,293692,RHEVANTH CHARAN,TVK,141725,61509,GANAPATHY. K,DMK,80216,-61509,P. BENJAMIN,ADMK,54705,-87020,REVATHI L,NTK,13024,-128701
Mailam,,189221,SHANMUGAM C VE,ADMK,82353,30041,VIJAY NIRANJAN A,TVK,52312,-30041,VENKATESAN L,DMDK,46267,-36086,VIDJAIVIKRAM S,NTK,4383,-77970
Manachanallur,,209780,KATHIRAVAN. S,DMK,81447,12364,V.SARAVANAN,TVK,69083,-12364,R.V. BHARATHAN,ADMK,46066,-35381,THENMOZHI. R,NTK,9289,-72158
Manamadurai,,208643,ELANGOVAN.D,TVK,69971,1208,TAMILARASI.A,DMK,68763,-1208,BALAGANAPATHY.V,BJP,42610,-27361,SHANMUGAPRIYA.M,NTK,19676,-50295
Manapparai,,241216,R. KATHIRAVAN,TVK,83041,1426,DR. PL. VIJAYAKUMAR,ADMK,81615,-1426,P. ABDUL SAMED,DMK,61355,-21686,M. ARUNAGIRI,NTK,10070,-72971
Mannargudi,,194100,KAMARAJ. S,AMMK,68416,1566,RAJAA.T.R.B,DMK,66850,-1566,RAJARAJAN.U,TVK,44266,-24150,BHARATHISELVAN.R,NTK,8240,-60176
Mayuram,,188461,JAMAL MOHAMED YOUNOOS. Y.N,INC,68011,10845,PALANISAMY. A  M.COM.,PMK,57166,-10845,HAROON RASHEED. S.S,TVK,52538,-15473,KASIRAMAN. K,NTK,6886,-61125
Melur,,190726,P.VISWANATHAN,INC,60080,2724,A.MADURAIVEERAN,TVK,57356,-2724,P.PERIYAPULLAN (A) SELVAM,ADMK,56744,-3336,KOTTAIKUMAR,NTK,9570,-50510
Mettuppalayam,,244319,SUNILANAND,TVK,75664,7768,SMT.KAVITHA KALYANASUNDARAM,DMK,67896,-7768,O.K.CHINNARAJ,ADMK,61736,-13928,T.R.SHANMUGASUNDARAM,IND,26756,-48908
Mettur,,231105,VENKATACHALAM. G,ADMK,86498,19105,MIDHUN CHAKRAVARTHY. M,DMK,67393,-19105,SELVAM. K,TVK,65260,-21238,VIDHYA VEERAPPAN,NTK,7109,-79389
Modakkurichi,,190759,D.SHANMUGAN,TVK,60715,2430,S.KIRTHIKA,BJP,58285,-2430,S.SENTHILNATHAN,DMK,58236,-2479,M.ARUNKUMAR,NTK,6723,-53992
Mudhukulathur,,231373,R.S.RAJAKANNAPPAN,DMK,68003,16598,MALARVIZHI. B,TVK,51405,-16598,S.PANDI,ADMK,47501,-20502,DR.R.RAMKUMAR,AIPTMMK,40422,-27581
Musiri,,189141,M.VIGNESH,TVK,71281,17442,N.S.KARUNAIRAAJA,DMK,53839,-17442,N.YOGANATHAN,ADMK,52061,-19220,G. BAKIYALAKSHMI,NTK,8357,-62924
Mylapore,,150594,VENKATARAMANAN. P,TVK,70070,28972,VELU. DHA,DMK,41098,-28972,DR. TAMILISAI SOUNDARARAJAN,BJP,32328,-37742,ARUN. R.L,NTK,4499,-65571
Nagapattinam,,151326,M.H.JAWAHIRULLAH,DMK,56305,9781,M.SUGUMAR,TVK,46524,-9781,THANKA.KATHIRAVAN,ADMK,41586,-14719,FATHIMA FARHANA.S,NTK,5348,-50957
Nagercoil,,196280,AUSTIN,DMK,69880,7570,BERVIN KINGS G,TVK,62310,-7570,GANDHI M R,BJP,52355,-17525,MUTHUKUMAR M,NTK,8573,-61307
Namakkal,,212283,DILIP C S,TVK,79744,11008,SRIDEVI MOHAN P S,ADMK,68736,-11008,RANI P,DMK,52808,-26936,PRAVEENKUMAR K,NTK,6286,-73458
Nanguneri,,209419,REDDIARPATTI V. NARAYANAN,TVK,74952,16419,RUBY.R.MANOHARAN,INC,58533,-16419,R. ESAKKIMUTHU,AMMK,38316,-36636,S. SELVAM,NTK,17618,-57334
Nannilam,,231444,KAMARAJ. R,ADMK,103462,41724,MOHAMED MUBARAK,DMK,61738,-41724,PRABHAKARAN. S,TVK,54530,-48932,THENMOZHI DILIPKUMAR,NTK,8446,-95016
Natham,,239140,NATHAM VISWANATHAN R,ADMK,85708,11869,SELVAKUMAR K,DMK,73839,-11869,RAMESH L N,TVK,64997,-20711,ALAGAMMAL A,NTK,9677,-76031
Neyveli,,168780,RAJENDRAN.R,ADMK,63731,10962,SABA.RAJENDRAN,DMK,52769,-10962,ANAND.K,TVK,34291,-29440,THIRUMALVALAVAN.T,TVVK,11381,-52350
Nilakkottai,,197593,AYYANAR.R,TVK,68580,2925,NAGAJOTHI.S,DMK,65655,-2925,THENMOZHI.S,ADMK,49924,-18656,DR.KAILAI RAJAN.D,NTK,8615,-59965
Oddamchatram,,201624,SAKKARAPANI. R,DMK,93099,43249,VIDIYAL S. SEKAR,BJP,49850,-43249,MOHAN. S,TVK,49155,-43944,RAGUPATHI. P,NTK,5454,-87645
Omalur,,271119,MANI. R,ADMK,112246,14539,ADHIYAMAAN. R.V,TVK,97707,-14539,ELANGOVAN. A.R,DMDK,46917,-65329,SIVASAKTHI. M,NTK,8370,-103876
Orathanadu,,195304,R. VAITHILINGAM,DMK,86759,35028,DR. K. ARVIND,TVK,51731,-35028,M. SEKAR,ADMK,44260,-42499,S.THIRUMURUGAN,NTK,10135,-76624
Ottapidaram,,196117,P .MATHANRAJA,TVK,81625,29083,P.M.RAMAJEYAM,DMK,52542,-29083,R SUNDARARAJ,AMMK,25871,-55754,M. ANUSIYA,NTK,17279,-64346
Padmanabhapuram,,180555,CHELLASWAMY. R,CPM,68938,15569,KRISHNA KUMAR. S,TVK,53369,-15569,RAMESH. P,BJP,44293,-24645,SEELAN,NTK,11288,-57650
Palacodu,,225257,ANBALAGAN. K.P.,ADMK,102807,39042,GOPI. R.,TVK,63765,-39042,DR. DNV SENTHILKUMAR. S.,DMK,50043,-52764,BOOPATHI. R.,NTK,5598,-97209
Palani,,208619,RAVIMANOHARAN. K,ADMK,66986,693,DR. PRAVEEN KUMAR. M,TVK,66293,-693,PANDI. N,CPM,65534,-1452,MURUGESWARI. B,NTK,6300,-60686
Palayamkottai,,180620,M.ABDUL WAHAB,DMK,79744,13805,MARIA JOHN,TVK,65939,-13805,SYED SULTHAN SAMSUDEEN,ADMK,19732,-60012,SANKARA NARAYANAN ALIAS SARAN,NTK,10465,-69279
Palladam,,301014,K.RAMKUMAR,TVK,121297,37897,K.P.PARAMASIVAM,ADMK,83400,-37897,K.SELVARAJ,DMK,78625,-42672,K.V.THAMILINIYAN,NTK,13141,-108156
Pallavaram,,283677,J.KAMATCHI,TVK,133611,54693,D.MURUGESAN,DMDK,78918,-54693,V.VENKATESAN,ADMK,48921,-84690,DR.R.KARTHIKEYAN,NTK,14065,-119546
Panruti,,210767,MOHAN. K,ADMK,78398,10663,ABDUR RAHMAN. A.R,VCK,67735,-10663,MANIKANDAN. M,TVK,56022,-22376,BANUPRIYA. M,NTK,4884,-73514
Papanasam,,207723,A.M. SHAHJAHAN,IUML,69284,1065,AZARUDEEN UDUMAN ALI,TVK,68219,-1065,DORAI. SHANMUGA PRABU,ADMK,57072,-12212,ANIS FATHIMA,NTK,9604,-59680
Pappireddippatti,,236621,MARAGATHAM VETRIVEL,ADMK,101829,33114,PALANIAPPAN. P,DMK,68715,-33114,THILAGAVATHI. S,TVK,57619,-44210,ARCHANA TAMILARUVI,NTK,5216,-96613
Paramakudi,,189753,ADVOCATE. KATHIRAVAN. K.K,DMK,59161,3548,GOPIRAJAN. G,TVK,55613,-3548,DR. MUTHIAH. S,ADMK,54099,-5062,EZHIL ELAVARASI. R,NTK,15363,-43798
Paramathi-Velur,,188845,SEKAR S,ADMK,61349,308,MOORTHIY K S,DMK,61041,-308,NANDAKUMAR A,TVK,56067,-5282,ARAVIND M,NTK,5727,-55622
Pattukkottai,,183745,ANNADURAI K,DMK,65963,13754,MATHAN C,TVK,52209,-13754,SEKAR C V,ADMK,49575,-16388,KANNAN S,NTK,13145,-52818
Pennagaram,,228666,GAJENDRAN. S.,TVK,81240,3165,SELVAM. V.,PMK,78075,-3165,G. K. M. TAMILKUMARAN,INC,53901,-27339,PALANIYAMMAL. T.,NTK,7358,-73882
Perambalur,,253654,SIVAKUMAR. K,TVK,90882,14393,DR. JAYALAKSHMI. S.T,DMK,76489,-14393,THAMIZHSELVAN. R,ADMK,72716,-18166,SUGANYA. J,NTK,9474,-81408
Perambur,,204384,C. JOSEPH VIJAY,TVK,120365,53715,R.D. SHEKAR,DMK,66650,-53715,M. THILAGABAMA,PMK,8561,-111804,S. VETRI THAMIZHAN,NTK,5114,-115251
Peravurani,,176274,ASHOKKUMAR. N,DMK,60919,3162,GOVI.ELANGO,ADMK,57757,-3162,D.CHANDRAKANDEEBAN,TVK,45576,-15343,BHUVANA MANIYARASAN,NTK,9122,-51797
Periyakulam,,211209,SABARI IYNGARAN G.,TVK,85656,19321,SAKTHIVEL P.,VCK,66335,-19321,DR KATHIRKAMU K.,AMMK,44521,-41135,VIMALA R.,NTK,9610,-76046
Perundurai,,200686,JAYAKUMAR. S,ADMK,70302,9693,THOPPU VENKATACHALAM (ALIAS) N.D. VENKATACHALAM,DMK,60609,-9693,ARUNACHALAM. V. P,TVK,59483,-10819,INGUR. C. LOGANATHAN,NTK,6468,-63834
Pollachi,,181196,K. NITHYANANDHAN,DMK,62013,4627,POLLACHI V. JAYARAMAN,ADMK,57386,-4627,G. RAMANATHAN,TVK,53819,-8194,N. SENTHIL KUMAR,NTK,4866,-57147
Polur,,211743,ABISHEK. R,TVK,67961,227,SARAVANAN. P,DMDK,67734,-227,BASKARAN. C. R,PMK,61444,-6517,UMADEVI. A,NTK,6425,-61536
Ponneri,,226819,DR.RAVI.M.S,TVK,110439,55768,DURAI CHANDRASEKAR,INC,54671,-55768,BALARAMAN.P,ADMK,51468,-58971,RAJATHI.M,NTK,6676,-103763
Poompuhar,,219324,NIVEDHA M MURUGAN,DMK,81096,8260,PAVUNRAJ. S,ADMK,72836,-8260,VIJAYALAIYAN. J,TVK,55902,-25194,ILAYANAGULAN. K,NTK,6353,-74743
Poonamallee,,308894,PRAKASAM.R,TVK,161309,72740,KRISHNASWAMY.A,DMK,88569,-72740,ELUMALAI.T.A,AMMK,43280,-118029,MEKALA.J,NTK,11697,-149612
Pudukkottai,,190378,V. MUTHURAJA,DMK,66825,1867,K.M. SHARIFF,TVK,64958,-1867,N. RAMACHANDRAN,BJP,41089,-25736,EZHILARASI VIJAYENDRAN,NTK,11673,-55152
Radhapuram,,199931,DR.SATHISH CHRISTOPHER,TVK,69947,12313,APPAVU.M,DMK,57634,-12313,BALAKRISHNAN.S.P,BJP,52637,-17310,GIRIJA THAMARAIPANDIAN.D,NTK,15370,-54577
Rajapalayam,,183020,JEGADESHWARI. K,TVK,65548,10605,THANGAPANDIAN. S,DMK,54943,-10605,PRISCILLA PANDIAN. J,BJP,36318,-29230,DR. KARTHIKEYAN. T.E.,NTK,16972,-48576
Ramanathapuram,,237576,KATHARBATCHA MUTHURAMALINGAM,DMK,89137,12459,SHAHUL HAMEED,TVK,76678,-12459,GBS K.NAGENDRAN,BJP,57730,-31407,S.M. MUTHU KESAVAN,NTK,10766,-78371
Ranipet,,221038,THAHIRA,TVK,91149,5787,R. GANDHI,DMK,85362,-5787,V.M. KARTHIKEYAN,BJP,32060,-59089,THAARIKHA SALMAN,NTK,7236,-83913
Rasipuram,,204680,LOGESH TAMILSELVAN D,TVK,74808,14511,PREMKUMAR S D,BJP,60297,-14511,MATHIVENTHAN M DR,DMK,57854,-16954,SASIKALA S,NTK,6415,-68393
Rishivandiyam,,244795,KARTHIKEYAN K,DMK,89711,4862,ASHOK KUMAR G,TVK,84849,-4862,CHEZHIYAN P,PMK,56488,-33223,RADHIKA P,NTK,7247,-82464
Royapuram,,127356,K.V. VIJAY DAMU,TVK,59091,14249,DR. A. SUBAIR KHAN,DMK,44842,-14249,D. JAYAKUMAR,ADMK,18420,-40671,A. BABU MAILAN,NTK,2947,-56144
Saidapet,,160401,ARUL PRAKASAM. M,TVK,81205,28514,SUBRAMANIAN. MA,DMK,52691,-28514,SENTHAMIZHAN. G,AMMK,17839,-63366,SRIVIDYA. G,NTK,5918,-75287
Salem North,,210712,SIVAKUMAR. K,TVK,85710,14034,RAJENDRAN. R,DMK,71676,-14034,SADHASIVAM. S,PMK,44238,-41472,GUNASEELA. M,NTK,6450,-79260
Salem South,,207902,VIJAY TAMILAN PARTHIBAN. A,TVK,91371,33369,LOGANATHAN. M,DMK,58002,-33369,VINOTH. J,ADMK,50216,-41155,SOFIA. S,NTK,5819,-85552
Salem West,,234407,LAKSHMANAN.S,TVK,120407,74867,KARTHE.M,PMK,45540,-74867,ALAGAAPURAM. R. MOHANRAJ,DMDK,41522,-78885,ARUL RAMADAS,AJPK,12532,-107875
Sankarankovil,,196480,DR. DHILIPAN JAISHANKAR,ADMK,64865,6489,C. RAMARAJAN,TVK,58376,-6489,SANGAI. GANESAN,INC,42567,-22298,M. KAVITHA,NTK,12767,-52098
Sankarapuram,,235528,RAKESH R,ADMK,80250,3440,UDHAYASURIYAN T,DMK,76810,-3440,JAGADESAN A,TVK,67624,-12626,RAMESH K,NTK,5567,-74683
Sankari,,243779,VETRIVEL. S,ADMK,87342,9517,SENTHILKUMAR. K,TVK,77825,-9517,MANIKANDAN. M,DMK,65716,-21626,NITHYA. A,NTK,7534,-79808
Sattur,,198734,KADARKARAIRAJ. A,DMK,62060,5989,NAINAR NAGENTHRAN,BJP,56071,-5989,AJITH. M,TVK,53498,-8562,ESAKKIRAJA. K,AIPTMMK,11602,-50458
Senthamangalam,,209687,P CHANDRASEKAR,TVK,68815,2655,C CHANDRASEKARAN,ADMK,66160,-2655,P POOMALAR,DMK,64951,-3864,PONNUMANI C,NTK,6478,-62337
Sholavandan,,189080,KARUPPAIAH.M.V,TVK,63907,2678,VENKATESAN.A,DMK,61229,-2678,MANICKAM.K,ADMK,49494,-14413,NAGALAKSHMI THIRUMARAN.T,NTK,10430,-53477
Sholingur,,233684,G.KAPIL,TVK,84506,5686,K.SARAVANAN,PMK,78820,-5686,A.M.MUNIRATHINAM,INC,57997,-26509,A.ASHOK KUMAR,NTK,6468,-78038
Shozhinganallur,,447293,ECR P SARAVANAN,TVK,220382,96780,S. ARAVIND RAMESH,DMK,123602,-96780,K.P.KANDAN,ADMK,74112,-146270,R JAYALAKSHMI,NTK,21919,-198463
Singanallur,,221033,K.S.SRI GIRI PRASATH,TVK,84163,19139,V.SRINIDHI,INC,65024,-19139,K.R.JAYARAM,ADMK,57783,-26380,NEHRUJI GUNASEKARAN,NTK,9203,-74960
Sirkazhi,,200448,SENTHILSELVAN.R,DMK,71449,11417,SAKTHI.M,ADMK,60032,-11417,GOPINATH.S,TVK,59149,-12300,SUBASH.R,NTK,7397,-64052
Sivaganga,,214067,KULANTHAI RANI A,TVK,73737,15081,SENTHILNATHAN PR,ADMK,58656,-15081,KARUNAAS S,DMK,57300,-16437,INDHUJA R,NTK,19021,-54716
Sivakasi,,193517,KEERTHANA S,TVK,68709,11670,ASHOKAN G,INC,57039,-11670,RAJENTHRABHALAJI K T,ADMK,51078,-17631,ESTHER MARY DIANA A,NTK,10191,-58518
Sriperumbudur,,331088,THENNARASU.K,TVK,147611,54246,K. SELVAPERUNTHAGAI,INC,93365,-54246,K. PALANI,ADMK,73182,-74429,M. SINDHU EZHILARASAN,NTK,13150,-134461
Srirangam,,254985,RAMESH,TVK,103235,33590,S. DURAIRAJ,DMK,69645,-33590,R.MANOHARAN,ADMK,65819,-37416,DHARMARAJ. M,NTK,11026,-92209
Srivaikuntam,,176421,SARAVANAN. G,TVK,58814,1186,SHANMUGANATHAN. S. P,ADMK,57628,-1186,OORVASI AMIRTHARAJ. S,INC,41277,-17537,SHUNMUGASUNDARAM. S,NTK,13153,-45661
Srivilliputhur,,193471,KARTHIK.A,TVK,65653,8581,MAHALINGAM.P,CPI,57072,-8581,CHANDRAPRABHA.M,ADMK,42839,-22814,KARIKALAPANDIYAN.A,NTK,13274,-52379
Sulur,,273544,NM.SUKUMAR,TVK,90531,4790,V.P.KANDASAMY,ADMK,85741,-4790,THALAPATHY MURUGESAN,DMK,83654,-6877,DR.S.RAJASEKARAN,NTK,10147,-80384
T-Nagar,,133928,ANAND N,TVK,51632,13027,SATHIYANARAYANAN B,ADMK,38605,-13027,RAJA ANBAZHAGAN,DMK,37017,-14615,ANUSHA V,NTK,4554,-47078
Tambaram,,278809,D.SARATHKUMAR,TVK,118967,35621,R.S.KIRUTHIKA DEVI,DMK,83346,-35621,C.RAJENDRAN,ADMK,61991,-56976,S.TAMILCHELVI,NTK,11627,-107340
Tenkasi,,234987,DR.KALAI KATHIRAVAN,DMK,79699,10299,S.SELVA MOHANDAS PANDIAN,ADMK,69400,-10299,A. RAJAPRAKASH,TVK,55543,-24156,P. PUSHPALATHA,NTK,16394,-63305
Thalli,,205878,RAMACHANDRAN. T,CPI,78283,5240,DR.NAGESH KUMAR. C,BJP,73043,-5240,SURESH. G,TVK,45245,-33038,NARASIMMA REDDY ALIAS NARASIMMAN. R,NTK,4107,-74176
Thanjavur,,198798,R. VIJAYSARAVANAN,TVK,87705,16955,SHAN. RAMANATHAN,DMK,70750,-16955,KARUPPU MURUGANANTHAM,BJP,26790,-60915,N. KRISHNAKUMAR,NTK,9383,-78322
Thiru-Vi-Ka-Nagar,,143903,M. R. PALLAVI,TVK,69125,22333,K. S. RAVICHANDRAN,DMK,46792,-22333,PORKODI ARMSTRONG,ADMK,23304,-45821,JAGADESH CHANDER .M,NTK,2658,-66467
Thirumaiyam,,182612,REGUPATHY.S,DMK,58201,1492,CHINTHAMANI.C,TVK,56709,-1492,VAIRAMUTHU.PK,ADMK,55464,-2737,LAKSHMI SRINIVASAN,NTK,9102,-49099
Thirumangalam,,230980,MANIMARAN.M,DMK,88291,23807,UDHAYAKUMAR.R.B,ADMK,64484,-23807,SATHISHKUMAR.N,TVK,60826,-27465,MUNISH.N,NTK,11139,-77152
Thiruporur,,262409,B.VIJAYARAJ,TVK,110095,39351,R. PANNEERDOSS,VCK,70744,-39351,K. BALU,PMK,67392,-42703,AMBETH RAJAN,NTK,9616,-100479
Thirupparankundram,,255466,NIRMALKUMAR. R.,TVK,114316,41553,KIRUTHIGA THANGAPANDI,DMK,72763,-41553,RAJANCHELLAPPA. V.V.,ADMK,49865,-64451,SATHYADEVI. T.,NTK,14350,-99966
Thiruthuraipoondi,,191030,MARIMUTHU.K,CPI,74062,12922,PANDIYAN.S,TVK,61140,-12922,BALATHANDAYUTHAM.U,ADMK,43073,-30989,VINOTHINI.R,NTK,10176,-63886
Thiruvaiyaru,,222111,DURAI. CHANDRASEKARAN,DMK,80425,8555,MATHI. MANIKANDAN,TVK,71870,-8555,VELU. KARTHIKEYAN,AMMK,55121,-25304,DURAI. SENTHILNATHAN,NTK,10681,-69744
Thiruvallur,,226428,DR. T. ARUNKUMAR,TVK,92190,24760,V.G. RAAJENDRAN,DMK,67430,-24760,BE VEE RAMANAH,ADMK,56562,-35628,K. SENTHILKUMAR,NTK,5513,-86677
Thiruvarur,,217875,KALAIVANAN POONDI K,DMK,93408,18148,VEERAMANI V,TVK,75260,-18148,CHANDRASEKARAN GOVI,BJP,36387,-57021,ASWINI B,NTK,10031,-83377
Thiruverumbur,,213583,VIJAYAKUMAR (A) NAVALPATTU S. VIJI,TVK,89837,8705,ANBIL MAHESH POYYAMOZHI,DMK,81132,-8705,KUMAR. P,ADMK,29473,-60364,RAJESSH. T,NTK,9311,-80526
Thiruvidaimarudur,,208944,GOVI.CHEZHIAAN,DMK,79951,14116,S.PRABAKARAN,TVK,65835,-14116,ELAMATHI SUBRAMANIAN,ADMK,52922,-27029,M.DIVYA BHARATHI,NTK,6363,-73588
Thiruvottiyur,,207088,SENTHIL KUMAR. N,TVK,110067,53564,SUNDARARAJ. L,CPM,56503,-53564,KUPPAN. K,ADMK,28320,-81747,SATHYA. B,NTK,8413,-101654
Thondamuthur,,258549,S.P.VELUMANI,ADMK,93316,14725,SATHISH RAJU (ALIAS) K.P.R. SATHISH,TVK,78591,-14725,N.R.KARTHIKEYAN,DMK,75917,-17399,RAJABU NISHA.Z,NTK,6976,-86340
Thoothukkudi,,204712,SRINATH,TVK,100536,37731,P. GEETHA JEEVAN,DMK,62805,-37731,CHELLAPANDIAN S.T.,ADMK,26213,-74323,JACOB DEVADOSS ABISHEAK R.,NTK,11752,-88784
Thousand Lights,,131824,PRABHAKAR.J.C.D,TVK,58965,15141,EZHILAN NAGANATHAN,DMK,43824,-15141,VALARMATHI.B,ADMK,23320,-35645,KALANCHIYAM.MU,NTK,3717,-55248
Thuraiyur,,184426,RAVISANKAR.M,TVK,66263,9614,E.SAROJA,ADMK,56649,-9614,M.LENIN PRASATH,INC,49222,-17041,S KOWSALYA,NTK,8436,-57827
Tindivanam,,196026,VANNI ARASU,VCK,63833,734,ARJUNAN. P,ADMK,63099,-734,SAKTHIVEL. S,TVK,61159,-2674,PACHIMUTHU. P,NTK,5242,-58591
Tiruchendur,,186050,ANITHA R. RADHAKRISHNAN,DMK,72723,5872,J. MURUGAN,TVK,66851,-5872,K R M RADHAKRISHNAN,BJP,34159,-38564,OPHILIYA,NTK,9794,-62929
Tiruchengodu,,191122,ARUNRAJ K G,TVK,79500,28172,SRMT SEKAR (A) CHANDRASEKAR R,ADMK,51328,-28172,ESWARAN E R,DMK,49465,-30035,REVATHI K,NTK,6085,-73415
Tiruchirappalli East,,182493,C. JOSEPH VIJAY,TVK,91381,27416,S. INIGO IRUDAYARAJ,DMK,63965,-27416,G. RAJASEKARAN,ADMK,19715,-71666,DR.KRISHNASAMY .V,NTK,4790,-86591
Tiruchirappalli West,,196347,K.N.NEHRU,DMK,88235,4786,G.RAMAMOORTHI,TVK,83449,-4786,M.RAJASEKARAN,AMMK,14136,-74099,K.BHUVANESWARI,NTK,7470,-80765
Tiruchuli,,181250,THANGAM THENARASU,DMK,75085,13485,SAMAYAN.S,TVK,61600,-13485,RAJAVARMAN.M.S.R,ADMK,25581,-49504,AVARANGADU KARTHIK RAJA,NTK,12763,-62322
Tirukkoyilur,,217318,PALANISAMY S,ADMK,73033,285,VIJAY R BARANIBALAAJI,TVK,72748,-285,DR PON GAUTHAMSIGAMANI,DMK,62452,-10581,HEMARAJAN K,NTK,5791,-67242
Tirunelveli,,218425,MURUGHAN.R.S.,TVK,75840,11414,SUBRAMANIAN.S,DMK,64426,-11414,THACHAI GANESARAJA,ADMK,47504,-28336,SATHYA. B.,NTK,15108,-60732
Tirupathur,,215710,SEENIVASA SETHUPATHY. R,TVK,83375,1,PERIAKARUPPAN. KR,DMK,83374,-1,THIRUMARAN. K.C,BJP,29054,-54321,RAMYA MOHAN,NTK,15291,-68084
Tiruppattur,,202925,DR.THIRUPATHI. N,TVK,105098,48263,NALLATHAMBI. A,DMK,56835,-48263,GNANASEKAR. A,AMMK,30003,-75095,ARUMUGAM. V,NTK,5482,-99616
Tiruppur North,,263457,V.SATHYABAMA,TVK,131401,69992,M.S.M.ANANDAN,ADMK,61409,-69992,M.RAVI ALIAS M.SUBRAMANIAN,CPI,53964,-77437,R.ABINAYA,NTK,13157,-118244
Tiruppur South,,179814,BALAMURUGAN. S,TVK,73793,12901,DINESHKUMAR. N,DMK,60892,-12901,THANGARAJ. S,BJP,34617,-39176,DINESH. P.N,NTK,6956,-66837
Tiruttani,,238798,G.HARI,ADMK,89169,5793,M.SATHYA KUMAR,TVK,83376,-5793,D.KRISHNAMURTHY,DMDK,54863,-34306,CHANDRAN .S.S,NTK,6704,-82465
Tiruvadanai,,220278,RAJEEV,TVK,69551,2513,RM. KARUMANICKAM,INC,67038,-2513,M.KEERTHIKA,ADMK,63879,-5672,N PREMNATH,NTK,13389,-56162
Tiruvannamalai,,220066,VELU. E.V,DMK,88273,2455,ARUL ARUMUGAM,TVK,85818,-2455,ELUMALAI. C,BJP,34280,-53993,VIGNESH. S,NTK,6011,-82262
Tittakudi,,175754,GANESAN C.V,DMK,63106,2629,RAJASEKAR A,TVK,60477,-2629,MURUGUMARAN N,ADMK,42502,-20604,MAHALAKSHMI V,NTK,5709,-57397
Udhagamandalam,,148704,BHOJARAJAN.M,BJP,48488,976,IBRAHIM.R,TVK,47512,-976,RAMACHANDRAN.B,INC,45658,-2830,RAGUPATHY.B,NTK,4641,-43847
Udumalpet,,203575,JAYAKUMAR M.,DMK,68549,2882,RADHAKRISHNAN K.,ADMK,65667,-2882,SANKAR K.,TVK,59831,-8718,RAM KUMAR M.,NTK,6702,-61847
Ulundurpet,,271002,VASANTHAVEL G R,DMK,98471,2277,KUMARAGURU R,ADMK,96194,-2277,SUDHAKAR M,TVK,66208,-32263,LOGESHWARI S,NTK,6525,-91946
Usilampatti,,224048,VIJAY. M,TVK,65743,1805,MAHENDRAN. I,ADMK,63938,-1805,SARAVANAKUMAR. T,INC,59465,-6278,AYYAPPAN. P,AIPTMMK,16620,-49123
Uthangarai,,205530,N ELAIYARAJA,TVK,70201,5198,T M TAMILSELVAM,ADMK,65003,-5198,R KUPPUSAMY,INC,60993,-9208,MEKALA,NTK,6629,-63572
Uthiramerur,,227765,MUNIRATHINAM.J,TVK,84917,14223,SUNDAR.K,DMK,70694,-14223,MAGESHKUMAR.P,PMK,62809,-22108,MARAM MASILAMANI.B.S,NTK,5783,-79134
Valparai,,150431,KUTTY (ALIAS) SUDHAKAR. A,DMK,54671,9371,DR. SRIDHARAN. A,TVK,45300,-9371,LEKSHMANA SINGH. D,ADMK,43728,-10943,UMADEVI. P,NTK,5256,-49415
Vandavasi,,191204,AMBETHKUMAR. S,DMK,63805,3333,RANI. P,ADMK,60472,-3333,UDHAYAKUMAR. M,TVK,58174,-5631,GANESH. R,NTK,5495,-58310
Vaniyambadi,,212534,SYED FAROOQ BASHA SSB,IUML,73181,2982,SYED BHURHANUDEEN,TVK,70199,-2982,SENDHIL KUMAR.G,ADMK,61055,-12126,MURUGESAN.G,NTK,4849,-68332
Vanur,,192119,GOWTHAM D,DMK,68873,7034,SURESH P,TVK,61839,-7034,MURUGAN P,ADMK,54193,-14680,KARIKALAN B,NTK,4697,-64176
Vasudevanallur,,189795,E. RAJA,DMK,63045,6583,ANANTHAN AYYASAMY,BJP,56462,-6583,R. AMUTHARANI,TVK,45862,-17183,ESAI MATHIVANAN,NTK,12856,-50189
Vedaranyam,,162216,MANIAN. O.S,ADMK,59172,7331,PUGAZHENDI. M,DMK,51841,-7331,KINGSLY GERALD. A,TVK,38347,-20825,KARTHICK. T,NTK,10396,-48776
Vedasandur,,226554,SAMINATHAN. T,DMK,84948,10063,PARAMASIVAM. V.P.B.,ADMK,74885,-10063,DR.NAKAJOTHI. N,TVK,56804,-28144,KHAJA HUSSAIN AHAMED. A,NTK,7095,-77853
Veerapandi,,235875,PALANIVEL. M.S,TVK,79907,4071,SRI BALAJI SUGUMAR. S,ADMK,75836,-4071,THARUN. A.K,DMK,69296,-10611,RAJESHKUMAR. S,NTK,6820,-73087
Velachery,,184815,KUMAR. R,TVK,80430,33305,ASHOK. M.K,ADMK,47125,-33305,AASSAN MAULAANA J.M.H,INC,45928,-34502,KEERTHANA. M,NTK,7697,-72733
Vellore,,190527,M.M.VINOTH KANNAN,TVK,73032,6777,P.KARTHIKEYAN,DMK,66255,-6777,S R K APPU,ADMK,45458,-27574,A.SONIYA,NTK,3793,-69239
Veppanahalli,,222608,SRINIVASAN.P.S,DMK,74691,138,MUNUSAMY.K.P,ADMK,74553,-138,SAMPANGI.S.R,TVK,63907,-10784,NAGARAJ.R,NTK,4519,-70172
Vikravandi,,209231,SIVAKUMAR C,PMK,69727,910,VIJAI VADIVEL A,TVK,68817,-910,ANNIYUR SIVA @ SIVASHANMUGAM A,DMK,60941,-8786,SUBHA CHANDRASEKARAN A,NTK,4979,-64748
Vilathikulam,,174814,MARKANDAYAN G V,DMK,58395,8228,P. KASIRAM,TVK,50167,-8228,R. SATHYA,ADMK,48879,-9516,BALAJI RAMACHANDRAN,NTK,11780,-46615
Vilavancode,,174927,PRAVEEN T.T,INC,70755,20970,MICHAEL KUMAR K,TVK,49785,-20970,VIJAYADHARANI S,BJP,45604,-25151,MARIA STELLA,NTK,6199,-64556
Villivakkam,,141452,AADHAV ARJUNA,TVK,66445,17302,KARTHIK MOHAN,DMK,49143,-17302,VIJAYAKUMAR S.R,ADMK,19338,-47107,ROSHINI S,NTK,4310,-62135
Villupuram,,215422,LAKSHMANAN R,DMK,72982,4119,MOHANRAJ N,TVK,68863,-4119,VIJAYASURESHBABU,ADMK,63808,-9174,ABINAYA PONNIVALAVAN,NTK,5786,-67196
Viralimalai,,203921,VIJAYABASKAR. C,ADMK,105773,62073,MURUGESAN. P,TVK,43700,-62073,CHELLAPANDIYAN. K.K,DMK,40397,-65376,SATHYALAKSHMI. K,NTK,9467,-96306
Virudhunagar,,167832,SELVAM P,TVK,63653,9391,VIJAYAPRABHAKAR,DMDK,54262,-9391,GANESAN V.G.,ADMK,34212,-29441,LAKSHMANAN,NTK,10120,-53533
Virugampakkam,,172831,SABARINATHAN.R,TVK,76092,27086,PRABHAKARA RAJA.A.M.V,DMK,49006,-27086,VIRUGAI V.N.RAVI,ADMK,38767,-37325,SANTHOSH,NTK,6056,-70036
Vridhachalam,,209186,PREMALLATHA VIJAYAKANT,DMDK,69351,2387,VIJAY.S,TVK,66964,-2387,DR.TAMIZHARASI.P,PMK,59791,-9560,ANANTHI DHANDAPANI,NTK,6047,-63304
Yercaud,,253592,USHARANI. P,ADMK,87772,2189,LAKSHMI JANARTHANAN. J,TVK,85583,-2189,REVATHI. T.M,DMK,68045,-19727,PALANISAMY. M,NTK,7601,-80171
